station_name,latitude,longitude,0,1,2,3,4,5,6,7,8,9,10,11,12,13,14,15,16,17,18,19,20,21,22,23
900 W Harrison,41.874675,-87.650019,-27.0,-9.0,-17.0,3.0,1.0,11.0,43.0,143.0,323.0,258.0,178.0,35.0,-1.0,46.0,-72.0,-113.0,-215.0,-470.0,-216.0,-51.0,-103.0,-42.0,-18.0,-14.0
Aberdeen St & Jackson Blvd,41.87772613,-87.65478743,27.0,13.0,9.0,-82.0,-9.0,-80.0,-230.0,-256.0,-292.0,-144.0,-47.0,-32.0,-21.0,-69.0,43.0,86.0,158.0,335.0,83.0,113.0,61.0,12.0,32.0,14.0
Aberdeen St & Madison St,41.881487,-87.654752,11.0,16.0,2.0,-7.0,-81.0,-211.0,-343.0,-370.0,-450.0,13.0,-67.0,-130.0,-101.0,142.0,21.0,58.0,197.0,433.0,206.0,49.0,-8.0,20.0,50.0,13.0
Ada St & Washington Blvd,41.88283,-87.661206,19.0,-4.0,5.0,-7.0,-3.0,-8.0,-36.0,-409.0,-376.0,-136.0,-48.0,-52.0,-47.0,35.0,15.0,-17.0,107.0,808.0,266.0,39.0,57.0,60.0,-15.0,4.0
Adler Planetarium,41.866095,-87.607267,-5.0,-9.0,1.0,2.0,1.0,4.0,-5.0,-4.0,59.0,202.0,274.0,279.0,110.0,-17.0,-193.0,-260.0,-372.0,-112.0,161.0,42.0,47.0,8.0,-140.0,-83.0
Ashland Ave & 13th St,41.865234,-87.666507,-8.0,0.0,0.0,1.0,9.0,0.0,1.0,8.0,102.0,69.0,15.0,11.0,-14.0,-38.0,6.0,-16.0,-67.0,-108.0,-57.0,-24.0,-28.0,-8.0,8.0,-9.0
Ashland Ave & 21st St,41.85381,-87.665897,2.0,20.0,13.0,5.0,-8.0,-2.0,-5.0,-17.0,-27.0,-11.0,-13.0,-5.0,-24.0,-3.0,4.0,13.0,35.0,10.0,10.0,6.0,-4.0,18.0,28.0,7.0
Ashland Ave & Augusta Blvd,41.899643,-87.6677,44.0,37.0,15.0,13.0,-61.0,-125.0,-96.0,-245.0,-593.0,-149.0,-90.0,-58.0,-87.0,-26.0,24.0,28.0,224.0,536.0,273.0,123.0,124.0,79.0,71.0,68.0
Ashland Ave & Belle Plaine Ave,41.956061,-87.668869,22.0,8.0,-5.0,-9.0,2.0,-4.0,-61.0,-276.0,-170.0,-76.0,-67.0,-25.0,-56.0,-28.0,-25.0,-32.0,71.0,290.0,148.0,45.0,67.0,83.0,77.0,27.0
Ashland Ave & Blackhawk St,41.907066,-87.667252,51.0,63.0,3.0,10.0,6.0,-119.0,-113.0,-393.0,-372.0,-142.0,-113.0,-74.0,6.0,-51.0,-25.0,100.0,217.0,503.0,348.0,170.0,73.0,74.0,117.0,80.0
Ashland Ave & Chicago Ave,41.895966,-87.667747,35.0,34.0,-7.0,2.0,-21.0,-110.0,-122.0,-329.0,-396.0,-182.0,-60.0,-95.0,-17.0,-13.0,26.0,21.0,75.0,493.0,272.0,75.0,161.0,126.0,109.0,63.0
Ashland Ave & Division St,41.90345,-87.667747,-31.0,-9.0,14.0,-5.0,17.0,106.0,102.0,102.0,122.0,104.0,-101.0,-128.0,-106.0,-83.0,-113.0,-87.0,-236.0,-357.0,-316.0,-107.0,-121.0,-122.0,-152.0,-61.0
Ashland Ave & Grace St,41.950687,-87.6687,40.0,19.0,18.0,3.0,-17.0,-73.0,-226.0,-194.0,-377.0,-143.0,-89.0,-53.0,-44.0,-76.0,-26.0,25.0,78.0,284.0,320.0,187.0,138.0,48.0,7.0,32.0
Ashland Ave & Grand Ave,41.891072,-87.666611,3.0,4.0,-3.0,-3.0,-2.0,2.0,-31.0,-171.0,-405.0,-107.0,-52.0,-84.0,-49.0,-39.0,-3.0,20.0,61.0,99.0,149.0,86.0,48.0,18.0,31.0,22.0
Ashland Ave & Lake St,41.88541,-87.66732,-13.0,-19.0,3.0,2.0,0.0,8.0,34.0,151.0,193.0,66.0,-4.0,-10.0,3.0,27.0,53.0,28.0,-101.0,-159.0,-126.0,-64.0,-49.0,-160.0,-132.0,-22.0
Ashland Ave & Wellington Ave,41.936083,-87.669807,8.0,1.0,1.0,4.0,2.0,11.0,68.0,-77.0,-207.0,31.0,-23.0,-23.0,7.0,-3.0,28.0,111.0,24.0,103.0,87.0,38.0,-16.0,-57.0,1.0,7.0
Ashland Ave & Wrightwood Ave,41.92883,-87.668507,11.0,29.0,9.0,8.0,4.0,-66.0,-135.0,-168.0,-335.0,-84.0,-37.0,-59.0,-32.0,-27.0,-17.0,41.0,155.0,138.0,319.0,89.0,54.0,60.0,78.0,15.0
Bissell St & Armitage Ave,41.91844,-87.65222,13.0,-24.0,-4.0,-7.0,-3.0,-9.0,210.0,78.0,219.0,-45.0,21.0,-14.0,28.0,22.0,-62.0,17.0,-42.0,59.0,5.0,70.0,124.0,38.0,17.0,-4.0
Blackstone Ave & Hyde Park Blvd,41.802562,-87.590368,-2.0,1.0,4.0,5.0,1.0,-5.0,-36.0,-46.0,-49.0,-94.0,-74.0,-78.0,-86.0,-35.0,10.0,26.0,27.0,73.0,118.0,92.0,53.0,29.0,3.0,24.0
Blue Island Ave & 18th St,41.857556,-87.661535,76.0,15.0,7.0,6.0,12.0,-9.0,-279.0,-188.0,-349.0,-107.0,-95.0,-48.0,-31.0,-9.0,-55.0,-30.0,277.0,317.0,246.0,116.0,49.0,96.0,50.0,17.0
Broadway & Argyle St,41.972972,-87.659637,-12.0,7.0,18.0,19.0,8.0,-5.0,-11.0,0.0,-38.0,10.0,-27.0,-44.0,-14.0,-44.0,-47.0,44.0,-2.0,24.0,86.0,41.0,61.0,22.0,19.0,70.0
Broadway & Barry Ave,41.937725,-87.644095,44.0,41.0,10.0,17.0,-5.0,-16.0,-146.0,-351.0,-492.0,-256.0,-119.0,-80.0,-48.0,11.0,2.0,52.0,163.0,419.0,545.0,299.0,196.0,154.0,96.0,48.0
Broadway & Belmont Ave,41.940106,-87.645451,5.0,45.0,19.0,-3.0,7.0,38.0,-25.0,-217.0,-214.0,-121.0,-58.0,-98.0,-128.0,-216.0,-45.0,-14.0,83.0,349.0,415.0,232.0,112.0,74.0,88.0,93.0
Broadway & Berwyn Ave,41.978353,-87.659753,39.0,18.0,31.0,6.0,4.0,-103.0,-106.0,-87.0,-99.0,-141.0,-211.0,-94.0,0.0,44.0,97.0,89.0,249.0,255.0,276.0,190.0,168.0,84.0,89.0,95.0
Broadway & Cornelia Ave,41.945512,-87.64598,25.0,51.0,34.0,3.0,-10.0,-49.0,-208.0,-516.0,-369.0,-268.0,-172.0,-171.0,-159.0,-70.0,3.0,26.0,283.0,641.0,318.0,245.0,211.0,184.0,153.0,44.0
Broadway & Sheridan Rd,41.952833,-87.649993,20.0,29.0,10.0,5.0,-3.0,-15.0,-27.0,-37.0,-163.0,-115.0,-172.0,-152.0,-200.0,-167.0,-147.0,-75.0,-86.0,-7.0,76.0,-55.0,-40.0,-13.0,11.0,3.0
Broadway & Wilson Ave,41.965485,-87.657238,16.0,2.0,17.0,-11.0,3.0,16.0,-14.0,17.0,125.0,149.0,46.0,-10.0,-36.0,-24.0,-11.0,-69.0,-67.0,-88.0,-24.0,-6.0,9.0,18.0,10.0,7.0
California Ave & 21st St,41.854016,-87.695445,16.0,5.0,9.0,5.0,1.0,0.0,17.0,83.0,10.0,8.0,3.0,-8.0,11.0,-10.0,-7.0,17.0,-4.0,-33.0,-31.0,-4.0,-1.0,4.0,14.0,23.0
California Ave & Division St,41.903029,-87.697474,121.0,21.0,35.0,6.0,7.0,-2.0,-59.0,-164.0,-108.0,-95.0,-43.0,-17.0,-33.0,52.0,95.0,174.0,120.0,215.0,263.0,112.0,53.0,21.0,-24.0,39.0
California Ave & Francis Pl,41.918121,-87.696972,82.0,20.0,19.0,20.0,5.0,-13.0,-52.0,-509.0,-245.0,-103.0,-34.0,-112.0,-62.0,-3.0,12.0,-35.0,44.0,179.0,123.0,108.0,99.0,154.0,95.0,76.0
California Ave & Milwaukee Ave,41.922695,-87.697153,-21.0,-65.0,-15.0,12.0,-7.0,-6.0,-76.0,-106.0,172.0,-139.0,-126.0,-100.0,-84.0,-50.0,-69.0,-5.0,-56.0,147.0,185.0,171.0,47.0,72.0,14.0,-39.0
California Ave & North Ave,41.91044,-87.6972,13.0,15.0,17.0,3.0,-15.0,-139.0,-59.0,-262.0,-97.0,-118.0,-58.0,-80.0,6.0,26.0,37.0,40.0,10.0,22.0,259.0,114.0,84.0,39.0,37.0,46.0
Calumet Ave & 18th St,41.857611,-87.619407,21.0,24.0,14.0,7.0,3.0,-33.0,-189.0,-503.0,-819.0,-270.0,-161.0,-115.0,-72.0,-50.0,46.0,10.0,171.0,435.0,353.0,222.0,251.0,209.0,85.0,42.0
Calumet Ave & 33rd St,41.8349,-87.61793,11.0,9.0,4.0,6.0,6.0,2.0,4.0,-34.0,-58.0,-32.0,-59.0,-31.0,-65.0,-69.0,-31.0,-4.0,1.0,12.0,8.0,25.0,26.0,43.0,44.0,17.0
Calumet Ave & 35th St,41.831379,-87.618034,0.0,7.0,4.0,-1.0,0.0,3.0,-7.0,4.0,7.0,-2.0,-13.0,-6.0,15.0,8.0,10.0,-15.0,11.0,39.0,15.0,24.0,13.0,6.0,4.0,2.0
Campbell Ave & North Ave,41.910535,-87.689556,66.0,25.0,32.0,23.0,-18.0,-13.0,-94.0,-227.0,-428.0,-179.0,-110.0,-103.0,-72.0,-56.0,-28.0,111.0,74.0,201.0,263.0,110.0,63.0,67.0,78.0,80.0
Canal St & Adams St,41.879255,-87.639904,22.0,4.0,2.0,-2.0,6.0,-378.0,-2575.0,-5069.0,-4505.0,-698.0,-224.0,-447.0,98.0,-59.0,612.0,2189.0,5191.0,4125.0,366.0,-161.0,179.0,55.0,199.0,-23.0
Canal St & Harrison St,41.874337,-87.639566,-10.0,1.0,0.0,-2.0,-3.0,0.0,171.0,80.0,262.0,-37.0,-26.0,-37.0,-42.0,90.0,15.0,-107.0,-237.0,-182.0,-48.0,-15.0,-35.0,-10.0,-151.0,-33.0
Canal St & Jackson Blvd,41.878412,-87.641052,-4.0,-1.0,-3.0,-1.0,-5.0,-98.0,-35.0,-1724.0,-1092.0,-175.0,-6.0,-223.0,167.0,13.0,155.0,404.0,1536.0,1106.0,-55.0,-116.0,76.0,41.0,40.0,22.0
Canal St & Madison St,41.882091,-87.639833,65.0,-9.0,-3.0,-4.0,46.0,172.0,-1290.0,-2319.0,-1644.0,-549.0,-290.0,-287.0,9.0,204.0,557.0,2045.0,4117.0,3328.0,-106.0,89.0,134.0,151.0,41.0,-88.0
Canal St & Monroe St,41.8807,-87.63947,-6.0,-27.0,-5.0,4.0,84.0,123.0,135.0,-790.0,-961.0,267.0,70.0,-371.0,-234.0,-3.0,-159.0,-350.0,-1067.0,-1116.0,-410.0,-278.0,-126.0,-77.0,-16.0,-5.0
Cannon Dr & Fullerton Ave,41.9267559875,-87.6344287848,-8.0,3.0,5.0,15.0,17.0,62.0,56.0,-16.0,22.0,10.0,18.0,90.0,125.0,-75.0,-44.0,9.0,-123.0,-90.0,144.0,122.0,-78.0,-34.0,11.0,47.0
Carpenter St & Huron St,41.894556,-87.653449,38.0,16.0,4.0,6.0,-4.0,44.0,-40.0,-177.0,-268.0,-242.0,-128.0,-96.0,-17.0,-51.0,-15.0,-43.0,38.0,211.0,114.0,81.0,46.0,26.0,16.0,40.0
Cityfront Plaza & N Water St,41.890573,-87.622072,-9.0,-5.0,1.0,1.0,37.0,36.0,46.0,115.0,363.0,93.0,4.0,-74.0,-23.0,-40.0,-30.0,-105.0,-235.0,-106.0,-95.0,-92.0,-68.0,-172.0,-48.0,-30.0
Cityfront Plaza Dr & Pioneer Ct,41.890573,-87.622072,-15.0,-17.0,4.0,8.0,50.0,119.0,36.0,80.0,655.0,183.0,-17.0,-60.0,-100.0,-88.0,-91.0,-220.0,-530.0,-218.0,-204.0,-143.0,-102.0,-151.0,-36.0,-26.0
Claremont Ave & Hirsch St,41.907781,-87.685854,10.0,12.0,7.0,-2.0,-1.0,-45.0,-37.0,-157.0,-223.0,-89.0,-28.0,-32.0,-18.0,-9.0,-9.0,20.0,16.0,199.0,149.0,22.0,45.0,53.0,42.0,3.0
Clarendon Ave & Gordon Ter,41.957879,-87.649519,79.0,59.0,19.0,11.0,3.0,-11.0,-131.0,-227.0,-205.0,-105.0,-172.0,-195.0,-153.0,-16.0,7.0,35.0,88.0,149.0,109.0,141.0,166.0,131.0,166.0,111.0
Clarendon Ave & Junior Ter,41.961004,-87.649603,104.0,71.0,28.0,13.0,-16.0,-96.0,-105.0,-311.0,-326.0,-265.0,-188.0,-60.0,-78.0,-15.0,46.0,-155.0,-1.0,185.0,337.0,256.0,175.0,171.0,230.0,161.0
Clarendon Ave & Leland Ave,41.967968,-87.650001,34.0,13.0,6.0,12.0,-5.0,-34.0,-42.0,-79.0,-35.0,-46.0,-84.0,-50.0,-28.0,13.0,34.0,-2.0,-81.0,61.0,167.0,80.0,94.0,72.0,64.0,30.0
Clark St & Armitage Ave,41.918306,-87.636282,24.0,0.0,2.0,5.0,-16.0,-118.0,-416.0,-427.0,-502.0,-89.0,20.0,6.0,54.0,75.0,-98.0,-8.0,-32.0,461.0,591.0,378.0,174.0,36.0,47.0,80.0
Clark St & Chicago Ave,41.896544,-87.630931,-39.0,-16.0,-23.0,-53.0,-24.0,-20.0,-161.0,-208.0,-127.0,135.0,-28.0,-81.0,-30.0,-100.0,-42.0,10.0,-66.0,27.0,-173.0,2.0,-82.0,-41.0,1.0,-24.0
Clark St & Congress Pkwy,41.8759326655,-87.6305845355,29.0,4.0,-2.0,-13.0,16.0,52.0,41.0,-770.0,-775.0,15.0,-83.0,-99.0,32.0,-17.0,-115.0,-11.0,745.0,568.0,-452.0,-184.0,21.0,32.0,-53.0,10.0
Clark St & Elm St,41.903233,-87.631253,138.0,35.0,22.0,-45.0,-39.0,-107.0,-614.0,-904.0,-901.0,-332.0,-132.0,-163.0,21.0,21.0,142.0,313.0,726.0,1247.0,404.0,142.0,370.0,156.0,171.0,98.0
Clark St & Grace St,41.95078,-87.659172,-14.0,4.0,-17.0,4.0,3.0,-20.0,-35.0,-59.0,16.0,-22.0,2.0,59.0,36.0,74.0,-28.0,-68.0,-106.0,27.0,35.0,69.0,-18.0,-106.0,-126.0,-1.0
Clark St & Leland Ave,41.967096,-87.667429,41.0,28.0,16.0,3.0,-1.0,-2.0,6.0,-250.0,-171.0,-91.0,-82.0,-93.0,-62.0,-46.0,-61.0,24.0,2.0,75.0,73.0,-54.0,47.0,46.0,60.0,20.0
Clark St & Lincoln Ave,41.915689,-87.6346,51.0,89.0,21.0,1.0,-6.0,-65.0,-161.0,-221.0,-571.0,-124.0,1.0,80.0,-120.0,-54.0,108.0,10.0,185.0,324.0,602.0,301.0,153.0,-5.0,-56.0,-7.0
Clark St & Montrose Ave,41.961588,-87.666036,83.0,29.0,24.0,15.0,20.0,-59.0,-139.0,-90.0,-321.0,-112.0,-77.0,-86.0,-86.0,-71.0,-12.0,2.0,97.0,108.0,135.0,159.0,88.0,88.0,114.0,92.0
Clark St & North Ave,41.911974,-87.631942,-2.0,9.0,4.0,-8.0,-5.0,6.0,-69.0,-134.0,-216.0,-9.0,132.0,-1.0,168.0,48.0,20.0,-176.0,-199.0,241.0,396.0,143.0,-56.0,-32.0,-81.0,-20.0
Clark St & Randolph St,41.884576228,-87.63188991,-1.0,10.0,-7.0,-5.0,-20.0,29.0,72.0,858.0,1800.0,851.0,205.0,-72.0,-96.0,30.0,-95.0,-255.0,-1263.0,-2240.0,-692.0,-162.0,-107.0,-45.0,-14.0,17.0
Clark St & Schiller St,41.907993,-87.631501,102.0,36.0,-1.0,-41.0,7.0,-226.0,-544.0,-972.0,-1081.0,-582.0,-226.0,-250.0,-68.0,-76.0,23.0,135.0,260.0,1207.0,401.0,166.0,169.0,245.0,194.0,94.0
Clark St & Waveland Ave,41.95078,-87.659172,-21.0,-22.0,-8.0,-10.0,0.0,-2.0,-16.0,-37.0,-39.0,-19.0,9.0,33.0,86.0,107.0,3.0,-9.0,-112.0,26.0,79.0,28.0,4.0,-34.0,-99.0,-30.0
Clark St & Wellington Ave,41.9364968219,-87.6475386582,-12.0,-10.0,-3.0,-9.0,8.0,0.0,-196.0,-256.0,-359.0,-120.0,-74.0,-93.0,-40.0,30.0,-8.0,84.0,127.0,569.0,198.0,151.0,102.0,83.0,84.0,44.0
Clark St & Winnemac Ave,41.973385,-87.668365,-9.0,11.0,6.0,8.0,5.0,-7.0,-66.0,-238.0,-73.0,-105.0,-23.0,-33.0,6.0,-26.0,25.0,29.0,124.0,301.0,309.0,304.0,158.0,47.0,-36.0,-17.0
Clark St & Wrightwood Ave,41.929546,-87.643118,40.0,31.0,-10.0,8.0,-11.0,-66.0,-275.0,-605.0,-350.0,-214.0,-148.0,-78.0,-30.0,-32.0,2.0,173.0,373.0,541.0,365.0,125.0,138.0,63.0,114.0,83.0
Clifton Ave & Armitage Ave,41.918216,-87.656936,6.0,-34.0,9.0,1.0,4.0,-88.0,-152.0,-166.0,-22.0,-146.0,-66.0,38.0,9.0,24.0,-87.0,22.0,-12.0,244.0,183.0,24.0,65.0,15.0,31.0,12.0
Clifton Ave & Lawrence Ave,41.968873,-87.658857,-10.0,-24.0,-2.0,-8.0,3.0,3.0,4.0,19.0,137.0,17.0,-11.0,-15.0,-64.0,-9.0,-28.0,-5.0,1.0,-5.0,-10.0,74.0,50.0,17.0,-60.0,-90.0
Clinton St & 18th St,41.85795,-87.640826,5.0,9.0,0.0,-1.0,-11.0,-15.0,-38.0,-20.0,-38.0,-85.0,-140.0,-58.0,-19.0,30.0,-19.0,6.0,-2.0,140.0,146.0,83.0,8.0,39.0,30.0,31.0
Clinton St & Lake St,41.8858327415,-87.6413823149,36.0,13.0,5.0,-17.0,-63.0,-88.0,-235.0,-735.0,-438.0,-12.0,-231.0,-205.0,-151.0,71.0,44.0,54.0,271.0,-129.0,-293.0,165.0,167.0,199.0,196.0,62.0
Clinton St & Madison St,41.882242,-87.641066,51.0,6.0,4.0,20.0,61.0,185.0,-76.0,-1161.0,-1096.0,-417.0,-273.0,35.0,153.0,205.0,-150.0,182.0,356.0,-236.0,-266.0,-171.0,130.0,168.0,293.0,137.0
Clinton St & Roosevelt Rd,41.8671177825,-87.6410879593,-8.0,2.0,-3.0,3.0,8.0,27.0,51.0,48.0,186.0,88.0,128.0,196.0,152.0,42.0,-42.0,29.0,87.0,300.0,-110.0,-77.0,-128.0,-153.0,-34.0,-55.0
Clinton St & Tilden St,41.875885,-87.640795,15.0,1.0,13.0,-2.0,-48.0,-1.0,10.0,12.0,-129.0,60.0,-111.0,-109.0,-104.0,143.0,33.0,-119.0,-310.0,-40.0,39.0,20.0,49.0,63.0,50.0,22.0
Clinton St & Washington Blvd,41.88338,-87.64117,38.0,13.0,5.0,0.0,10.0,107.0,-2462.0,-6186.0,-4602.0,-1532.0,-441.0,-333.0,82.0,154.0,246.0,2583.0,6363.0,6070.0,793.0,346.0,250.0,125.0,70.0,57.0
Clybourn Ave & Division St,41.904509,-87.6405,17.0,12.0,4.0,8.0,76.0,4.0,-64.0,-111.0,-438.0,-220.0,-71.0,-64.0,-101.0,15.0,51.0,99.0,87.0,203.0,132.0,99.0,148.0,61.0,55.0,46.0
Columbus Dr & Randolph St,41.884728,-87.619521,15.0,33.0,22.0,-10.0,-6.0,228.0,531.0,657.0,1206.0,123.0,-374.0,-769.0,-492.0,-297.0,-736.0,-1611.0,-3731.0,-2473.0,-711.0,-147.0,-11.0,-5.0,-21.0,50.0
Cottage Grove Ave & 43rd St,41.816499,-87.606582,4.0,2.0,3.0,0.0,1.0,-1.0,-5.0,-20.0,-27.0,-29.0,-15.0,2.0,-5.0,-11.0,13.0,-5.0,-10.0,5.0,25.0,8.0,17.0,13.0,8.0,6.0
Cottage Grove Ave & 47th St,41.809855,-87.606755,5.0,7.0,1.0,2.0,-2.0,0.0,-4.0,-7.0,-19.0,-18.0,-7.0,-5.0,5.0,-2.0,5.0,-6.0,4.0,3.0,25.0,27.0,11.0,16.0,12.0,11.0
Cottage Grove Ave & 51st St,41.803038,-87.606615,1.0,1.0,1.0,-1.0,2.0,-1.0,-6.0,-4.0,-4.0,1.0,-10.0,-5.0,-7.0,-2.0,10.0,-23.0,1.0,-13.0,9.0,7.0,10.0,6.0,0.0,-1.0
Cottage Grove Ave & Oakwood Blvd,41.822985,-87.6071,5.0,-4.0,-1.0,0.0,-2.0,5.0,-6.0,4.0,-37.0,-29.0,-15.0,20.0,-6.0,-4.0,-15.0,12.0,-5.0,12.0,47.0,24.0,28.0,20.0,4.0,-5.0
Daley Center Plaza,41.884451,-87.629892,2.0,-32.0,5.0,161.0,22.0,67.0,136.0,545.0,2838.0,1264.0,217.0,-2.0,-94.0,-8.0,-207.0,-343.0,-1551.0,-3590.0,-974.0,-264.0,-180.0,-153.0,-121.0,-14.0
Damen Ave & Augusta Blvd,41.899714,-87.677234,43.0,39.0,10.0,11.0,2.0,-54.0,-287.0,-519.0,-724.0,-424.0,-230.0,-186.0,-78.0,-62.0,13.0,52.0,397.0,786.0,394.0,231.0,240.0,154.0,145.0,88.0
Damen Ave & Charleston St,41.920082,-87.677855,14.0,11.0,12.0,-4.0,-9.0,-32.0,-113.0,-227.0,-215.0,-64.0,-3.0,-75.0,-33.0,-78.0,-13.0,49.0,193.0,170.0,185.0,76.0,54.0,72.0,96.0,53.0
Damen Ave & Chicago Ave,41.895769,-87.67722,37.0,13.0,25.0,2.0,4.0,-31.0,-100.0,-501.0,-864.0,-235.0,-61.0,-25.0,-29.0,55.0,52.0,157.0,410.0,890.0,482.0,293.0,259.0,157.0,138.0,83.0
Damen Ave & Clybourn Ave,41.931931,-87.677856,12.0,6.0,7.0,0.0,-1.0,1.0,16.0,-35.0,-162.0,-28.0,-27.0,-9.0,4.0,-9.0,-13.0,38.0,14.0,175.0,113.0,-5.0,45.0,37.0,46.0,18.0
Damen Ave & Cortland St,41.916027,-87.677411,-24.0,-26.0,-3.0,9.0,-3.0,-92.0,-75.0,-187.0,-198.0,-74.0,-41.0,-20.0,-2.0,-71.0,71.0,33.0,181.0,328.0,67.0,108.0,93.0,59.0,41.0,16.0
Damen Ave & Coulter St,41.8492,-87.67564,11.0,6.0,4.0,-1.0,1.0,0.0,33.0,-12.0,-25.0,-7.0,1.0,-6.0,-13.0,-8.0,-8.0,-22.0,5.0,29.0,34.0,13.0,-2.0,18.0,13.0,19.0
Damen Ave & Cullerton St,41.855048,-87.675726,35.0,4.0,-3.0,0.0,-3.0,-1.0,-52.0,-22.0,-146.0,-9.0,-50.0,-85.0,-8.0,-14.0,-25.0,23.0,91.0,43.0,20.0,41.0,41.0,38.0,75.0,39.0
Damen Ave & Division St,41.90331,-87.67695,-50.0,-70.0,-46.0,-17.0,-6.0,-136.0,-266.0,-344.0,-518.0,-263.0,-60.0,-7.0,33.0,35.0,94.0,155.0,126.0,522.0,680.0,228.0,191.0,122.0,-4.0,13.0
Damen Ave & Grand Ave,41.89122,-87.67686,8.0,-1.0,14.0,4.0,-10.0,3.0,-105.0,-350.0,-293.0,-136.0,-27.0,-55.0,-88.0,-32.0,-57.0,55.0,90.0,315.0,198.0,99.0,92.0,5.0,39.0,32.0
Damen Ave & Leland Ave,41.967094,-87.679028,25.0,5.0,4.0,8.0,-7.0,-37.0,27.0,198.0,32.0,-25.0,26.0,-25.0,-31.0,-44.0,-46.0,-44.0,-2.0,-60.0,-236.0,-15.0,9.0,-1.0,97.0,35.0
Damen Ave & Madison St,41.88137,-87.67493,9.0,1.0,10.0,3.0,-4.0,-2.0,-13.0,-23.0,-36.0,-19.0,-10.0,-9.0,-15.0,14.0,-8.0,1.0,19.0,67.0,205.0,120.0,-33.0,-202.0,-128.0,-54.0
Damen Ave & Melrose Ave,41.9406,-87.6785,6.0,20.0,9.0,4.0,-22.0,-7.0,-17.0,-196.0,-272.0,-5.0,-26.0,-46.0,-24.0,-10.0,1.0,2.0,76.0,255.0,243.0,155.0,64.0,84.0,30.0,39.0
Damen Ave & Pierce Ave,41.9093960065,-87.6776919292,-89.0,-122.0,-50.0,-49.0,17.0,75.0,139.0,394.0,94.0,81.0,54.0,216.0,107.0,112.0,30.0,-3.0,3.0,-156.0,101.0,308.0,52.0,-61.0,-133.0,-68.0
Damen Ave & Sunnyside Ave,41.96325,-87.679258,19.0,21.0,10.0,5.0,0.0,-7.0,-13.0,-55.0,-42.0,-13.0,-32.0,-41.0,-52.0,-7.0,-15.0,3.0,23.0,113.0,-6.0,-44.0,36.0,83.0,51.0,26.0
Damen Ave & Wellington Ave,41.93588,-87.67842,36.0,27.0,12.0,6.0,4.0,-3.0,-50.0,-89.0,-75.0,-32.0,-49.0,-50.0,-69.0,-4.0,18.0,29.0,35.0,261.0,291.0,169.0,20.0,63.0,55.0,48.0
Dayton St & North Ave,41.9105780349,-87.6494219288,-31.0,-42.0,-32.0,-14.0,9.0,21.0,-63.0,92.0,40.0,131.0,136.0,139.0,113.0,87.0,74.0,-63.0,61.0,-35.0,-5.0,-71.0,-120.0,-148.0,-128.0,-80.0
Dearborn Pkwy & Delaware Pl,41.899007,-87.629928,5.0,1.0,16.0,10.0,39.0,-97.0,-116.0,-360.0,-136.0,-45.0,17.0,174.0,49.0,52.0,180.0,257.0,493.0,521.0,399.0,28.0,60.0,-4.0,11.0,31.0
Dearborn St & Adams St,41.8793563587,-87.6297910363,2.0,-14.0,-16.0,1.0,-6.0,42.0,587.0,1441.0,3695.0,1980.0,207.0,-92.0,-138.0,-167.0,-280.0,-604.0,-1680.0,-3138.0,-1175.0,-441.0,-198.0,-159.0,6.0,-10.0
Dearborn St & Monroe St,41.881319815,-87.6295209193,-20.0,-10.0,7.0,5.0,-131.0,25.0,342.0,2330.0,2367.0,1131.0,356.0,-110.0,-214.0,32.0,-152.0,-715.0,-2062.0,-3083.0,-1048.0,-335.0,-283.0,-168.0,-100.0,-11.0
Desplaines St & Kinzie St,41.888716036,-87.6444478533,39.0,23.0,14.0,14.0,-24.0,-226.0,-833.0,-711.0,-492.0,-79.0,-237.0,-75.0,-135.0,-12.0,179.0,107.0,233.0,202.0,115.0,203.0,220.0,235.0,159.0,160.0
Eckhart Park,41.89637337,-87.66098386,17.0,24.0,26.0,17.0,13.0,-13.0,-42.0,-195.0,-458.0,-108.0,-91.0,-61.0,-22.0,-74.0,-61.0,26.0,141.0,329.0,206.0,223.0,95.0,104.0,85.0,80.0
Ellis Ave & 58th St,41.788746,-87.601334,0.0,3.0,2.0,0.0,3.0,18.0,165.0,196.0,419.0,351.0,194.0,65.0,30.0,51.0,-39.0,-170.0,-212.0,-410.0,-306.0,-150.0,-71.0,-26.0,-17.0,15.0
Emerald Ave & 28th St,41.84358,-87.645368,50.0,6.0,3.0,1.0,8.0,-1.0,-64.0,-358.0,-195.0,-140.0,-126.0,-74.0,-53.0,-18.0,-7.0,11.0,13.0,121.0,110.0,141.0,85.0,30.0,57.0,75.0
Emerald Ave & 31st St,41.838198,-87.645143,23.0,15.0,7.0,5.0,5.0,-25.0,-40.0,-51.0,-259.0,-75.0,-38.0,-38.0,-46.0,-28.0,-1.0,12.0,53.0,270.0,94.0,70.0,44.0,20.0,11.0,49.0
Fairbanks Ct & Grand Ave,41.89186,-87.62062,-14.0,1.0,24.0,5.0,-46.0,-23.0,84.0,0.0,246.0,-141.0,-281.0,-133.0,-204.0,-177.0,-99.0,-398.0,-604.0,-182.0,-143.0,-49.0,9.0,-119.0,-82.0,-78.0
Fort Dearborn Dr & 31st St,41.838556,-87.608218,-4.0,8.0,4.0,-7.0,-3.0,9.0,-19.0,-19.0,-21.0,-4.0,29.0,16.0,64.0,46.0,6.0,70.0,73.0,39.0,45.0,13.0,68.0,36.0,46.0,29.0
Franklin St & Arcade Pl,41.881469,-87.635177,-34.0,-13.0,-4.0,2.0,15.0,472.0,1303.0,2624.0,4859.0,2098.0,345.0,-345.0,-386.0,142.0,-336.0,-1227.0,-3411.0,-4777.0,-1491.0,-642.0,-373.0,-203.0,-119.0,-57.0
Franklin St & Chicago Ave,41.89680204,-87.63563839,-25.0,-6.0,-15.0,-29.0,7.0,184.0,191.0,691.0,1190.0,329.0,95.0,67.0,-95.0,-71.0,-120.0,-225.0,-764.0,-1314.0,-444.0,-89.0,-44.0,-31.0,-39.0,-31.0
Franklin St & Jackson Blvd,41.8777079559,-87.6353211408,16.0,29.0,39.0,24.0,14.0,203.0,202.0,628.0,1829.0,1250.0,194.0,-147.0,-86.0,-21.0,-81.0,-477.0,-1144.0,-2429.0,-686.0,-223.0,-20.0,-89.0,23.0,-55.0
Franklin St & Lake St,41.885837,-87.6355,23.0,1.0,16.0,21.0,17.0,72.0,355.0,1301.0,1778.0,557.0,89.0,-127.0,-130.0,-81.0,-153.0,-362.0,-1468.0,-2486.0,-949.0,-294.0,-152.0,-152.0,-79.0,-22.0
Franklin St & Quincy St,41.878724,-87.634793,-6.0,7.0,1.0,8.0,-8.0,71.0,458.0,1638.0,2218.0,1121.0,265.0,-259.0,-137.0,46.0,-324.0,-557.0,-1515.0,-2777.0,-910.0,-311.0,-163.0,27.0,-76.0,-31.0
Green St & Milwaukee Ave,41.891,-87.645925,-11.0,0.0,2.0,-4.0,-7.0,-49.0,-46.0,-75.0,-236.0,-107.0,-59.0,-22.0,-7.0,28.0,55.0,29.0,10.0,170.0,101.0,86.0,53.0,15.0,16.0,14.0
Green St & Randolph St,41.884078,-87.648684,-110.0,-47.0,-18.0,-17.0,33.0,65.0,93.0,31.0,-15.0,90.0,262.0,240.0,52.0,-151.0,-102.0,-70.0,165.0,330.0,315.0,97.0,-38.0,-125.0,-203.0,-124.0
Greenview Ave & Diversey Pkwy,41.932595,-87.665939,20.0,8.0,10.0,9.0,1.0,-59.0,-171.0,-213.0,-239.0,-86.0,-49.0,-44.0,-59.0,-66.0,-25.0,5.0,98.0,288.0,214.0,143.0,105.0,45.0,70.0,51.0
Greenview Ave & Fullerton Ave,41.92533,-87.6658,8.0,33.0,30.0,7.0,-1.0,-7.0,-16.0,-74.0,-237.0,-31.0,-29.0,-40.0,-31.0,32.0,-27.0,39.0,112.0,194.0,151.0,41.0,76.0,26.0,-26.0,43.0
Greenwood Ave & 47th St,41.809835,-87.599383,10.0,5.0,8.0,-2.0,0.0,-5.0,-29.0,-88.0,-143.0,-43.0,-50.0,-47.0,-26.0,8.0,-1.0,2.0,-3.0,2.0,31.0,63.0,19.0,21.0,14.0,11.0
Halsted St & 18th St,41.857499,-87.646277,45.0,32.0,24.0,8.0,-2.0,-9.0,-87.0,-119.0,-147.0,-91.0,-145.0,-39.0,-58.0,-48.0,-31.0,-51.0,92.0,117.0,20.0,53.0,48.0,27.0,52.0,57.0
Halsted St & 21st St,41.85378,-87.64665,1.0,-9.0,-7.0,-1.0,0.0,-1.0,-7.0,-9.0,1.0,38.0,-18.0,-30.0,-27.0,-16.0,-12.0,-6.0,-9.0,70.0,8.0,-27.0,22.0,8.0,0.0,18.0
Halsted St & 35th St,41.830661,-87.647172,18.0,12.0,-1.0,5.0,2.0,39.0,0.0,-105.0,-229.0,-81.0,-29.0,-12.0,-8.0,-28.0,-20.0,-13.0,28.0,108.0,140.0,83.0,61.0,45.0,24.0,12.0
Halsted St & 37th St,41.827071,-87.645801,12.0,10.0,4.0,1.0,-2.0,3.0,-15.0,-46.0,-34.0,-5.0,-7.0,-12.0,2.0,-9.0,-1.0,-9.0,8.0,78.0,34.0,13.0,21.0,9.0,14.0,8.0
Halsted St & Archer Ave,41.847203,-87.646795,-43.0,-23.0,-4.0,6.0,5.0,8.0,0.0,195.0,2.0,41.0,45.0,22.0,18.0,-12.0,7.0,28.0,7.0,131.0,-45.0,-145.0,-66.0,-9.0,-52.0,-57.0
Halsted St & Blackhawk St,41.90854,-87.648568,-2.0,-1.0,41.0,8.0,-2.0,11.0,123.0,488.0,579.0,276.0,5.0,15.0,29.0,10.0,40.0,8.0,-392.0,-511.0,-69.0,-74.0,-98.0,-32.0,-37.0,-12.0
Halsted St & Dickens Ave,41.919936,-87.64883,-48.0,-43.0,-5.0,-10.0,-1.0,-11.0,-62.0,-58.0,-177.0,-71.0,-9.0,-25.0,-76.0,-88.0,-48.0,-31.0,-7.0,275.0,75.0,96.0,95.0,-43.0,15.0,-32.0
Halsted St & Diversey Pkwy,41.933341,-87.648747,18.0,-11.0,2.0,-9.0,0.0,-21.0,-64.0,-139.0,-80.0,-40.0,-93.0,5.0,-20.0,-43.0,48.0,50.0,83.0,199.0,223.0,152.0,87.0,60.0,-21.0,45.0
Halsted St & James M Rochford St,41.865861,-87.646611,7.0,7.0,31.0,3.0,-1.0,9.0,-10.0,-28.0,-119.0,-103.0,-26.0,52.0,3.0,-26.0,3.0,-78.0,-49.0,150.0,75.0,74.0,42.0,-17.0,29.0,31.0
Halsted St & Madison St,41.881892,-87.648789,0.0,-1.0,-58.0,-5.0,-9.0,-29.0,35.0,1.0,-31.0,57.0,69.0,147.0,36.0,-4.0,50.0,13.0,76.0,27.0,155.0,131.0,129.0,43.0,6.0,44.0
Halsted St & Maxwell St,41.86458,-87.64693,-9.0,1.0,19.0,5.0,4.0,-8.0,-23.0,-105.0,-96.0,-60.0,-28.0,8.0,-49.0,-98.0,-17.0,65.0,25.0,81.0,18.0,50.0,-3.0,-17.0,15.0,-21.0
Halsted St & Polk St,41.87184,-87.64664,-13.0,-13.0,15.0,-4.0,4.0,8.0,88.0,218.0,211.0,319.0,127.0,92.0,40.0,-137.0,-87.0,-125.0,-115.0,44.0,-136.0,-216.0,-155.0,-120.0,-27.0,24.0
Halsted St & Roscoe St,41.94367,-87.64895,-28.0,-53.0,-42.0,-12.0,8.0,-24.0,-84.0,-250.0,-481.0,-197.0,-103.0,-172.0,-79.0,31.0,77.0,114.0,143.0,362.0,326.0,300.0,165.0,166.0,9.0,36.0
Halsted St & Waveland Ave,41.949078,-87.648536,36.0,-9.0,-7.0,3.0,-41.0,-35.0,-82.0,-99.0,-214.0,-100.0,12.0,-57.0,-35.0,14.0,10.0,95.0,37.0,209.0,262.0,149.0,67.0,44.0,-92.0,-3.0
Halsted St & Willow St,41.913778,-87.64884,-73.0,-57.0,0.0,-1.0,-2.0,-32.0,-67.0,-237.0,-358.0,-74.0,-9.0,-2.0,56.0,66.0,23.0,-1.0,28.0,234.0,248.0,202.0,47.0,32.0,-33.0,8.0
Halsted St & Wrightwood Ave,41.929143,-87.649077,-7.0,11.0,-1.0,-22.0,-11.0,-22.0,-115.0,-446.0,-463.0,-130.0,-94.0,-137.0,-48.0,-108.0,-22.0,23.0,114.0,426.0,217.0,198.0,70.0,72.0,67.0,12.0
Hampden Ct & Diversey Pkwy,41.93262,-87.642385,51.0,60.0,28.0,3.0,16.0,-107.0,-186.0,-413.0,-706.0,-163.0,-161.0,-85.0,-69.0,100.0,95.0,188.0,585.0,835.0,621.0,402.0,290.0,306.0,225.0,142.0
Hermitage Ave & Polk St,41.871514,-87.669886,-6.0,2.0,-11.0,-2.0,0.0,9.0,165.0,362.0,773.0,527.0,146.0,-49.0,-78.0,28.0,-116.0,-352.0,-723.0,-454.0,-192.0,-256.0,-117.0,-15.0,-22.0,-18.0
Indiana Ave & 26th St,41.8457,-87.62248,9.0,11.0,5.0,4.0,-4.0,-2.0,-3.0,-92.0,-58.0,-19.0,-39.0,-26.0,-24.0,-16.0,-8.0,-15.0,1.0,65.0,93.0,26.0,31.0,54.0,31.0,37.0
Indiana Ave & 31st St,41.838842,-87.621857,4.0,-1.0,1.0,2.0,0.0,-4.0,-17.0,-48.0,-414.0,-52.0,-123.0,-57.0,-40.0,-34.0,8.0,22.0,69.0,190.0,185.0,71.0,75.0,70.0,33.0,8.0
Indiana Ave & 40th St,41.82168,-87.6216,-1.0,-1.0,2.0,-1.0,1.0,1.0,5.0,18.0,50.0,55.0,12.0,5.0,-10.0,-8.0,-1.0,-6.0,-4.0,-18.0,-18.0,6.0,-2.0,-2.0,0.0,5.0
Indiana Ave & Roosevelt Rd,41.867888,-87.623041,42.0,39.0,32.0,30.0,5.0,-133.0,-299.0,-985.0,-1255.0,-290.0,-229.0,-113.0,-10.0,-32.0,-10.0,153.0,295.0,582.0,769.0,421.0,465.0,214.0,70.0,0.0
Jefferson St & Monroe St,41.880422,-87.642746,47.0,23.0,14.0,4.0,25.0,110.0,7.0,126.0,-303.0,-288.0,-199.0,-129.0,-137.0,-162.0,-67.0,-68.0,-178.0,-401.0,-84.0,-70.0,13.0,88.0,42.0,67.0
Kedzie Ave & Milwaukee Ave,41.929567,-87.707857,55.0,17.0,14.0,21.0,16.0,-36.0,-52.0,-108.0,-231.0,-106.0,23.0,-11.0,-2.0,-34.0,-80.0,14.0,8.0,308.0,388.0,351.0,228.0,94.0,87.0,111.0
Kedzie Ave & Palmer Ct,41.921525,-87.707322,71.0,17.0,20.0,1.0,-6.0,-38.0,-84.0,-534.0,-653.0,-178.0,-106.0,-88.0,-66.0,-40.0,4.0,18.0,132.0,325.0,557.0,315.0,193.0,139.0,132.0,87.0
Kimbark Ave & 53rd St,41.799568,-87.594747,10.0,6.0,-1.0,4.0,0.0,-14.0,-33.0,-58.0,-136.0,-102.0,-71.0,-57.0,11.0,-75.0,-36.0,35.0,24.0,46.0,59.0,98.0,49.0,30.0,12.0,8.0
King Dr & 47th St,41.809851,-87.616279,1.0,-3.0,0.0,1.0,0.0,0.0,-1.0,1.0,1.0,-1.0,-4.0,2.0,1.0,1.0,-1.0,3.0,0.0,2.0,-4.0,1.0,-1.0,1.0,2.0,-6.0
Kingsbury St & Erie St,41.89384315,-87.64185116,62.0,63.0,33.0,24.0,0.0,-142.0,-565.0,-886.0,-103.0,-7.0,38.0,-63.0,-31.0,-11.0,176.0,284.0,168.0,-308.0,113.0,141.0,196.0,207.0,155.0,84.0
LaSalle St & Illinois St,41.890749,-87.63206,3.0,-83.0,-47.0,-18.0,7.0,3.0,247.0,1128.0,1726.0,665.0,100.0,194.0,103.0,-161.0,-44.0,-178.0,-1052.0,-1507.0,-340.0,-41.0,-59.0,-88.0,43.0,-35.0
LaSalle St & Jackson Blvd,41.87817,-87.631985,-16.0,12.0,-17.0,8.0,214.0,283.0,1946.0,2711.0,2669.0,1353.0,268.0,-169.0,-269.0,-664.0,-930.0,-1682.0,-2002.0,-2259.0,-911.0,-377.0,-137.0,-131.0,-131.0,-42.0
LaSalle St & Washington St,41.882664,-87.63253,2.0,8.0,-4.0,-1.0,7.0,32.0,455.0,1130.0,1737.0,669.0,301.0,-127.0,11.0,-33.0,-46.0,-642.0,-1127.0,-2087.0,-806.0,-299.0,-198.0,-128.0,-16.0,7.0
Lake Park Ave & 47th St,41.809443,-87.591875,-3.0,5.0,8.0,2.0,0.0,-33.0,10.0,50.0,67.0,11.0,-4.0,-52.0,9.0,-62.0,-9.0,-26.0,-16.0,9.0,-22.0,62.0,-1.0,-2.0,7.0,5.0
Lake Park Ave & 56th St,41.793242,-87.587782,2.0,5.0,6.0,-1.0,-1.0,3.0,-22.0,34.0,-15.0,-106.0,-54.0,37.0,70.0,49.0,-2.0,0.0,-43.0,43.0,29.0,32.0,47.0,12.0,4.0,22.0
Lake Shore Dr & Belmont Ave,41.940775,-87.639192,45.0,48.0,28.0,10.0,-22.0,-104.0,-99.0,-268.0,-449.0,-191.0,-137.0,-126.0,-74.0,-46.0,28.0,98.0,161.0,727.0,401.0,223.0,228.0,159.0,138.0,97.0
Lake Shore Dr & Diversey Pkwy,41.932684,-87.63625,55.0,36.0,16.0,10.0,3.0,54.0,-24.0,-145.0,-213.0,-134.0,-179.0,-75.0,-108.0,-23.0,-17.0,12.0,60.0,320.0,284.0,210.0,107.0,106.0,96.0,38.0
Lake Shore Dr & Monroe St,41.880958,-87.616743,-20.0,19.0,2.0,-1.0,0.0,12.0,40.0,57.0,135.0,-113.0,-77.0,-76.0,246.0,170.0,281.0,115.0,296.0,105.0,74.0,26.0,-104.0,-164.0,-192.0,-97.0
Lake Shore Dr & North Blvd,41.911722,-87.626804,21.0,19.0,0.0,15.0,4.0,8.0,3.0,-127.0,-52.0,47.0,170.0,390.0,556.0,589.0,590.0,225.0,-77.0,419.0,819.0,-17.0,-320.0,38.0,-8.0,91.0
Lake Shore Dr & Ohio St,41.89257,-87.614492,79.0,41.0,5.0,15.0,8.0,-57.0,-339.0,-390.0,-689.0,-123.0,-224.0,-127.0,-83.0,104.0,115.0,16.0,-62.0,547.0,166.0,69.0,134.0,228.0,47.0,107.0
Lake Shore Dr & Wellington Ave,41.936669,-87.636794,13.0,35.0,19.0,12.0,-1.0,-71.0,-101.0,-319.0,-366.0,-149.0,-178.0,-197.0,-123.0,19.0,-63.0,165.0,295.0,528.0,342.0,167.0,129.0,158.0,106.0,94.0
Lakeview Ave & Fullerton Pkwy,41.925858,-87.638973,76.0,38.0,59.0,3.0,-5.0,-207.0,-116.0,-358.0,-593.0,-301.0,-204.0,-167.0,-92.0,-41.0,-58.0,-84.0,135.0,555.0,613.0,272.0,150.0,127.0,185.0,84.0
Larrabee St & Armitage Ave,41.91797,-87.64368,22.0,8.0,13.0,1.0,-5.0,-58.0,-214.0,-223.0,-500.0,-137.0,-102.0,-87.0,-1.0,-95.0,-43.0,-36.0,88.0,314.0,314.0,143.0,118.0,46.0,53.0,34.0
Larrabee St & Kingsbury St,41.897764,-87.642884,44.0,22.0,29.0,-6.0,3.0,219.0,205.0,1930.0,1656.0,936.0,211.0,-256.0,-249.0,120.0,-133.0,-148.0,-1875.0,-1901.0,-344.0,-222.0,-28.0,58.0,108.0,71.0
Larrabee St & Menomonee St,41.91468,-87.64332,34.0,13.0,14.0,8.0,2.0,-18.0,-181.0,-322.0,-701.0,-171.0,-70.0,-117.0,-57.0,-32.0,-33.0,44.0,177.0,362.0,221.0,99.0,87.0,55.0,82.0,60.0
Larrabee St & North Ave,41.91021,-87.6435,17.0,1.0,6.0,1.0,0.0,-12.0,-67.0,-198.0,-326.0,-228.0,-54.0,-79.0,-19.0,14.0,48.0,45.0,93.0,157.0,261.0,96.0,64.0,117.0,51.0,33.0
Larrabee St & Webster Ave,41.92175,-87.64401,5.0,-18.0,4.0,14.0,-62.0,-164.0,-167.0,-103.0,-467.0,-116.0,-130.0,-88.0,-67.0,-1.0,-10.0,38.0,173.0,529.0,342.0,271.0,93.0,74.0,38.0,31.0
Leavitt St & Armitage Ave,41.917805,-87.682437,29.0,11.0,1.0,-2.0,1.0,-27.0,-31.0,-347.0,-436.0,-96.0,-65.0,-22.0,-73.0,-95.0,3.0,-26.0,83.0,321.0,247.0,81.0,45.0,75.0,71.0,54.0
Leavitt St & Hirsch St,41.906717,-87.682779,27.0,31.0,17.0,7.0,-2.0,-10.0,-122.0,-178.0,-317.0,-151.0,-66.0,-62.0,-62.0,-7.0,-3.0,-4.0,84.0,247.0,251.0,78.0,56.0,72.0,50.0,43.0
Leavitt St & Lawrence Ave,41.968885,-87.684001,5.0,7.0,15.0,11.0,2.0,20.0,10.0,-27.0,-33.0,32.0,-21.0,7.0,12.0,-43.0,-15.0,-2.0,20.0,128.0,78.0,94.0,37.0,-20.0,-13.0,-11.0
Leavitt St & North Ave,41.910153,-87.68229,8.0,10.0,12.0,6.0,-1.0,-18.0,-108.0,-119.0,-97.0,40.0,6.0,-99.0,-14.0,-38.0,-10.0,-23.0,-82.0,82.0,36.0,2.0,48.0,11.0,38.0,32.0
Lincoln Ave & Addison St,41.946176,-87.673308,-14.0,-1.0,13.0,1.0,1.0,0.0,-10.0,-81.0,-5.0,29.0,-2.0,-26.0,-11.0,-30.0,-7.0,14.0,-5.0,71.0,72.0,24.0,20.0,-12.0,-6.0,35.0
Lincoln Ave & Belle Plaine Ave,41.955927,-87.679259,59.0,21.0,5.0,2.0,-1.0,-21.0,-104.0,-62.0,-151.0,-58.0,2.0,-6.0,-44.0,-2.0,5.0,37.0,72.0,325.0,319.0,185.0,55.0,35.0,8.0,19.0
Lincoln Ave & Belmont Ave,41.939365,-87.668385,-20.0,-30.0,-11.0,-9.0,-4.0,-22.0,-88.0,-138.0,-207.0,-29.0,-26.0,12.0,-19.0,-69.0,-26.0,11.0,60.0,263.0,142.0,32.0,-34.0,-14.0,-29.0,-39.0
Lincoln Ave & Diversey Pkwy,41.932225,-87.658617,6.0,-15.0,11.0,7.0,-5.0,-27.0,-205.0,-227.0,-201.0,30.0,-88.0,-77.0,-11.0,-126.0,-7.0,-29.0,-38.0,213.0,218.0,121.0,50.0,69.0,104.0,-9.0
Lincoln Ave & Eastwood Ave,41.968885,-87.684001,-1.0,-8.0,7.0,3.0,2.0,2.0,7.0,-41.0,-39.0,17.0,-22.0,4.0,15.0,0.0,-11.0,8.0,12.0,136.0,125.0,37.0,-32.0,-17.0,7.0,-7.0
Lincoln Ave & Fullerton Ave,41.925905,-87.64926,-77.0,-57.0,-33.0,-8.0,-1.0,-32.0,-32.0,-51.0,83.0,67.0,16.0,63.0,-50.0,-70.0,4.0,-113.0,40.0,24.0,99.0,134.0,50.0,-85.0,-48.0,-43.0
Lincoln Ave & Leavitt St,41.962391,-87.684146,-53.0,-38.0,-12.0,-1.0,6.0,3.0,-38.0,-296.0,-119.0,33.0,61.0,-2.0,51.0,-4.0,35.0,21.0,56.0,383.0,390.0,174.0,11.0,-43.0,-49.0,-28.0
Lincoln Ave & Roscoe St,41.94334,-87.67097,48.0,10.0,20.0,11.0,14.0,123.0,-239.0,-26.0,284.0,124.0,-46.0,-18.0,-33.0,-69.0,-49.0,26.0,129.0,165.0,26.0,-19.0,25.0,19.0,-11.0,34.0
Lincoln Ave & Waveland Ave,41.94911,-87.675112,-2.0,4.0,10.0,5.0,0.0,-16.0,-68.0,-136.0,-71.0,-70.0,-3.0,-71.0,-49.0,12.0,-15.0,36.0,84.0,156.0,88.0,66.0,99.0,65.0,31.0,38.0
Logan Blvd & Elston Ave,41.930584,-87.685126,-22.0,-15.0,-1.0,1.0,4.0,21.0,39.0,-71.0,-43.0,116.0,38.0,-21.0,4.0,26.0,31.0,39.0,20.0,79.0,174.0,162.0,7.0,-24.0,-38.0,-15.0
Loomis St & Jackson Blvd,41.877945,-87.662007,10.0,19.0,-2.0,-2.0,-12.0,-128.0,-22.0,72.0,-314.0,-66.0,-129.0,-117.0,-25.0,1.0,19.0,-63.0,87.0,267.0,206.0,125.0,69.0,14.0,5.0,14.0
Loomis St & Lexington St,41.872187,-87.661501,53.0,32.0,12.0,11.0,2.0,-18.0,-54.0,-360.0,-440.0,-179.0,-121.0,-69.0,-124.0,-31.0,18.0,65.0,202.0,185.0,115.0,142.0,194.0,114.0,62.0,99.0
Loomis St & Taylor St,41.869417,-87.660996,19.0,-25.0,-7.0,10.0,-6.0,-25.0,-75.0,-383.0,-291.0,-183.0,-138.0,-57.0,32.0,-90.0,18.0,-14.0,83.0,188.0,133.0,134.0,180.0,138.0,72.0,31.0
MLK Jr Dr & 29th St,41.842052,-87.617,7.0,6.0,13.0,7.0,2.0,0.0,-64.0,-52.0,-277.0,-100.0,-49.0,-66.0,-58.0,-64.0,-43.0,6.0,22.0,171.0,123.0,145.0,82.0,62.0,58.0,32.0
MLK Jr Dr & 47th St,41.809851,-87.616279,1.0,-1.0,-8.0,-2.0,-1.0,0.0,-3.0,7.0,8.0,1.0,4.0,-4.0,7.0,-3.0,1.0,3.0,-9.0,-12.0,5.0,-3.0,7.0,4.0,-1.0,0.0
MLK Jr Dr & Oakwood Blvd,41.82256,-87.61615,0.0,0.0,4.0,0.0,0.0,-1.0,-7.0,-20.0,-31.0,-38.0,-19.0,-3.0,2.0,-14.0,-3.0,2.0,-6.0,2.0,10.0,7.0,8.0,13.0,5.0,1.0
Marshfield Ave & Cortland St,41.916017,-87.668879,13.0,-8.0,-3.0,1.0,-1.0,209.0,329.0,401.0,-312.0,-175.0,11.0,-59.0,70.0,-83.0,26.0,2.0,588.0,-17.0,-1035.0,37.0,-1.0,-34.0,-82.0,-60.0
Martin Luther King Dr & 29th St,41.842052,-87.617,3.0,0.0,-2.0,6.0,-2.0,0.0,-31.0,-66.0,-192.0,-45.0,-32.0,-17.0,-23.0,-24.0,-25.0,-7.0,-12.0,78.0,106.0,41.0,57.0,39.0,28.0,9.0
Martin Luther King Dr & Oakwood Blvd,41.82256,-87.61615,0.0,0.0,0.0,1.0,-1.0,-6.0,-1.0,-5.0,-2.0,-14.0,-14.0,-6.0,3.0,-6.0,-11.0,5.0,-3.0,1.0,-1.0,1.0,7.0,1.0,2.0,3.0
May St & Cullerton St,41.855136,-87.654127,30.0,13.0,6.0,1.0,0.0,-7.0,-15.0,-136.0,-59.0,-18.0,-9.0,-17.0,-2.0,-8.0,-25.0,2.0,0.0,41.0,52.0,27.0,18.0,32.0,20.0,17.0
May St & Fulton St,41.886773,-87.656001,-22.0,3.0,0.0,0.0,-4.0,-9.0,66.0,158.0,826.0,324.0,-10.0,-156.0,15.0,92.0,5.0,-117.0,-643.0,-850.0,-82.0,81.0,84.0,24.0,-18.0,-14.0
May St & Randolph St,41.88397,-87.655688,-38.0,-44.0,-28.0,-10.0,2.0,9.0,-39.0,69.0,58.0,151.0,25.0,-76.0,30.0,-124.0,33.0,77.0,-20.0,-131.0,35.0,-2.0,-50.0,-51.0,-92.0,-40.0
May St & Taylor St,41.8694821,-87.6554864,35.0,23.0,21.0,2.0,0.0,-16.0,-30.0,-175.0,-314.0,-165.0,-141.0,-23.0,-4.0,-54.0,1.0,-8.0,94.0,363.0,332.0,84.0,61.0,11.0,49.0,23.0
McClurg Ct & Illinois St,41.89102,-87.6173,-10.0,31.0,46.0,10.0,-11.0,-32.0,1248.0,-90.0,-422.0,-417.0,-222.0,-212.0,-36.0,-80.0,3.0,-1164.0,-44.0,322.0,433.0,237.0,219.0,220.0,-7.0,-10.0
McCormick Place,41.8513751729,-87.6188346489,42.0,10.0,4.0,10.0,5.0,-5.0,33.0,187.0,145.0,-51.0,-103.0,-147.0,-85.0,30.0,-52.0,-50.0,-278.0,-165.0,7.0,49.0,159.0,134.0,142.0,101.0
Michigan Ave & 14th St,41.864059,-87.623727,-12.0,24.0,3.0,11.0,-2.0,-33.0,-195.0,-349.0,-972.0,-355.0,-94.0,-127.0,-78.0,-81.0,-3.0,51.0,393.0,845.0,581.0,245.0,148.0,102.0,83.0,-6.0
Michigan Ave & 18th St,41.860204,-87.623355,35.0,36.0,26.0,14.0,-7.0,-92.0,-418.0,-465.0,-607.0,-272.0,-216.0,-150.0,-85.0,-107.0,79.0,26.0,174.0,635.0,343.0,239.0,146.0,176.0,92.0,81.0
Michigan Ave & Congress Pkwy,41.876243,-87.624426,54.0,50.0,61.0,-3.0,18.0,18.0,-44.0,8.0,64.0,-83.0,-228.0,-60.0,-68.0,166.0,-42.0,87.0,68.0,-358.0,-88.0,-58.0,-55.0,-104.0,-7.0,27.0
Michigan Ave & Jackson Blvd,41.87785,-87.62408,2.0,31.0,-19.0,4.0,5.0,13.0,161.0,149.0,958.0,312.0,-16.0,112.0,58.0,87.0,112.0,72.0,7.0,-572.0,-412.0,-128.0,-62.0,-293.0,5.0,-13.0
Michigan Ave & Lake St,41.886024,-87.624117,-28.0,27.0,12.0,41.0,1.0,8.0,756.0,2095.0,3064.0,1020.0,156.0,-36.0,-39.0,34.0,-137.0,-405.0,-2678.0,-2650.0,-681.0,-122.0,-74.0,-105.0,-110.0,-37.0
Michigan Ave & Madison St,41.882134,-87.625125,-10.0,-14.0,8.0,2.0,-2.0,17.0,242.0,529.0,519.0,-54.0,3.0,39.0,-23.0,-311.0,-187.0,-337.0,-652.0,-1138.0,-502.0,-210.0,-191.0,-176.0,-107.0,-28.0
Michigan Ave & Oak St,41.90096039,-87.62377664,42.0,58.0,5.0,25.0,-2.0,-8.0,230.0,437.0,943.0,193.0,58.0,258.0,525.0,574.0,265.0,90.0,-414.0,-561.0,-67.0,10.0,77.0,-129.0,89.0,53.0
Michigan Ave & Pearson St,41.89766,-87.62351,-26.0,-14.0,3.0,-6.0,3.0,-128.0,38.0,234.0,559.0,195.0,-73.0,-30.0,145.0,96.0,8.0,-7.0,-196.0,-617.0,-34.0,39.0,-54.0,-118.0,-147.0,14.0
Michigan Ave & Washington St,41.8838927658,-87.6246491409,19.0,-34.0,5.0,13.0,3.0,-113.0,25.0,807.0,1004.0,1114.0,73.0,153.0,71.0,-171.0,-23.0,-162.0,47.0,-958.0,-425.0,-346.0,-173.0,-244.0,-163.0,33.0
Mies van der Rohe Way & Chicago Ave,41.89691,-87.621743,-29.0,-23.0,4.0,-31.0,-19.0,124.0,168.0,758.0,866.0,310.0,2.0,65.0,93.0,84.0,24.0,-84.0,-913.0,-362.0,-98.0,-83.0,-45.0,-72.0,-42.0,-21.0
Millennium Park,41.8810317,-87.62408432,-42.0,31.0,22.0,-8.0,0.0,65.0,326.0,1002.0,1630.0,469.0,351.0,471.0,472.0,230.0,134.0,261.0,-236.0,-877.0,-7.0,-101.0,-339.0,-275.0,-135.0,-37.0
Milwaukee Ave & Rockwell St,41.920195,-87.693033,13.0,19.0,-1.0,-3.0,0.0,-3.0,17.0,-69.0,-132.0,-107.0,-52.0,-31.0,-30.0,-49.0,-14.0,-7.0,15.0,92.0,158.0,116.0,43.0,52.0,49.0,38.0
Milwaukee Ave & Wabansia Ave,41.912616,-87.681391,37.0,15.0,3.0,0.0,0.0,-52.0,-22.0,-202.0,-324.0,-61.0,-79.0,-2.0,-81.0,-108.0,-17.0,9.0,186.0,341.0,193.0,56.0,41.0,30.0,50.0,41.0
Montrose Harbor,41.963982,-87.638181,-13.0,5.0,-6.0,4.0,1.0,32.0,50.0,24.0,65.0,2.0,-68.0,79.0,93.0,-21.0,34.0,-70.0,-148.0,61.0,209.0,-39.0,-193.0,-50.0,-69.0,-57.0
Morgan Ave & 14th Pl,41.862378,-87.651062,15.0,31.0,46.0,22.0,10.0,-56.0,-331.0,-513.0,-511.0,-162.0,-86.0,-26.0,-51.0,-26.0,3.0,87.0,291.0,532.0,324.0,132.0,160.0,118.0,69.0,56.0
Morgan St & 18th St,41.858086,-87.651073,45.0,29.0,36.0,7.0,1.0,-14.0,-186.0,-188.0,-278.0,-148.0,-67.0,-64.0,-20.0,-144.0,-70.0,-1.0,80.0,253.0,135.0,98.0,69.0,110.0,42.0,50.0
Morgan St & 31st St,41.8378,-87.65114,52.0,33.0,18.0,-1.0,-2.0,-25.0,-69.0,-69.0,-122.0,-69.0,-64.0,-72.0,-77.0,-37.0,-12.0,39.0,36.0,122.0,111.0,34.0,34.0,56.0,54.0,40.0
Morgan St & Lake St,41.8854833079,-87.6523048564,21.0,7.0,0.0,-3.0,5.0,-14.0,-6.0,-372.0,-8.0,-3.0,111.0,66.0,6.0,-7.0,20.0,56.0,138.0,-15.0,60.0,82.0,13.0,5.0,-89.0,-39.0
Morgan St & Polk St,41.871737,-87.65103,8.0,-31.0,-8.0,6.0,19.0,-3.0,26.0,-40.0,134.0,562.0,344.0,121.0,-50.0,4.0,-126.0,-271.0,-571.0,-4.0,-68.0,-54.0,-131.0,7.0,-33.0,6.0
Museum Campus,41.865212,-87.617759,-5.0,-6.0,-4.0,6.0,5.0,14.0,106.0,346.0,692.0,731.0,908.0,1011.0,410.0,138.0,-17.0,-916.0,-1390.0,-489.0,115.0,183.0,13.0,-102.0,-130.0,-134.0
Noble St & Milwaukee Ave,41.90068,-87.6626,35.0,33.0,13.0,7.0,-3.0,-68.0,-10.0,-222.0,-641.0,-190.0,-65.0,-93.0,-65.0,-88.0,-12.0,56.0,99.0,500.0,270.0,161.0,110.0,134.0,66.0,86.0
Normal Ave & Archer Ave,41.849527,-87.640591,5.0,6.0,11.0,1.0,4.0,-1.0,-9.0,-108.0,-127.0,-98.0,-45.0,-15.0,1.0,2.0,23.0,-6.0,21.0,97.0,71.0,64.0,34.0,-3.0,18.0,1.0
Ogden Ave & Chicago Ave,41.896362458,-87.6540612729,52.0,17.0,3.0,-3.0,4.0,0.0,-132.0,44.0,-138.0,-85.0,-55.0,-73.0,-20.0,17.0,16.0,42.0,-9.0,98.0,174.0,11.0,16.0,56.0,52.0,46.0
Ogden Ave & Congress Pkwy,41.87501,-87.67328,-20.0,-8.0,0.0,15.0,17.0,11.0,127.0,276.0,149.0,62.0,22.0,-30.0,-16.0,-22.0,-29.0,-60.0,-355.0,-203.0,-139.0,-48.0,-29.0,11.0,41.0,-3.0
Ogden Ave & Race Ave,41.891795,-87.658751,20.0,7.0,5.0,2.0,-7.0,-12.0,-130.0,-275.0,-291.0,-157.0,-52.0,-15.0,1.0,-14.0,-42.0,70.0,9.0,355.0,233.0,148.0,98.0,62.0,39.0,64.0
Orleans St & Elm St,41.902924,-87.637715,21.0,7.0,13.0,5.0,1.0,-68.0,-74.0,-387.0,-519.0,-83.0,-38.0,-66.0,-40.0,-31.0,78.0,28.0,160.0,350.0,281.0,52.0,0.0,9.0,40.0,33.0
Orleans St & Merchandise Mart Plaza,41.888243,-87.63639,5.0,-12.0,-17.0,4.0,5.0,19.0,504.0,974.0,1967.0,1408.0,200.0,66.0,-52.0,6.0,-165.0,-533.0,-1541.0,-1560.0,-461.0,-314.0,-153.0,-122.0,-133.0,-26.0
Paulina St & 18th St,41.857901,-87.668745,-1.0,21.0,32.0,7.0,47.0,15.0,-64.0,-42.0,-383.0,-109.0,-54.0,-42.0,1.0,30.0,-39.0,98.0,110.0,115.0,139.0,120.0,66.0,-6.0,-13.0,187.0
Paulina St & Diversey Pkwy,41.931931,-87.677856,-3.0,0.0,4.0,-1.0,-5.0,2.0,-6.0,-23.0,-68.0,-3.0,-12.0,-3.0,-13.0,0.0,-2.0,-5.0,12.0,89.0,54.0,27.0,38.0,10.0,27.0,8.0
Paulina St & Montrose Ave,41.961507,-87.671387,27.0,11.0,7.0,8.0,2.0,-10.0,-26.0,-120.0,-122.0,-32.0,-54.0,-85.0,-25.0,-84.0,-33.0,13.0,27.0,108.0,74.0,23.0,32.0,35.0,62.0,48.0
Peoria St & Jackson Blvd,41.877749,-87.649633,15.0,27.0,25.0,-4.0,11.0,-109.0,-20.0,176.0,163.0,476.0,38.0,-186.0,16.0,-58.0,-36.0,-142.0,-718.0,-320.0,152.0,-68.0,45.0,143.0,84.0,1.0
Pine Grove Ave & Irving Park Rd,41.954383,-87.648043,107.0,67.0,25.0,19.0,5.0,-46.0,-223.0,-396.0,-488.0,-345.0,-199.0,-226.0,-92.0,-73.0,5.0,85.0,120.0,468.0,170.0,184.0,111.0,148.0,293.0,224.0
Pine Grove Ave & Waveland Ave,41.949275,-87.646303,100.0,79.0,52.0,15.0,35.0,6.0,-297.0,-279.0,-480.0,-260.0,-159.0,-319.0,-120.0,-173.0,18.0,40.0,192.0,463.0,386.0,168.0,165.0,213.0,217.0,146.0
Prairie Ave & Garfield Blvd,41.794853,-87.618691,1.0,0.0,0.0,2.0,0.0,-4.0,-9.0,-6.0,-50.0,-85.0,-124.0,-69.0,-56.0,-40.0,-5.0,52.0,40.0,24.0,44.0,36.0,22.0,8.0,11.0,2.0
Racine Ave & 13th St,41.865054,-87.656959,2.0,-2.0,1.0,1.0,0.0,-2.0,-22.0,4.0,-64.0,-5.0,-34.0,-26.0,5.0,8.0,26.0,10.0,5.0,99.0,4.0,4.0,18.0,8.0,-6.0,5.0
Racine Ave & 15th St,41.861267,-87.656625,13.0,16.0,7.0,3.0,10.0,-15.0,-150.0,-224.0,-411.0,-127.0,-63.0,-69.0,-57.0,-31.0,12.0,33.0,117.0,286.0,231.0,118.0,123.0,90.0,101.0,43.0
Racine Ave & 18th St,41.858166,-87.656495,21.0,18.0,7.0,9.0,4.0,-11.0,-50.0,-132.0,-116.0,-141.0,-86.0,-93.0,-92.0,-35.0,-14.0,21.0,13.0,113.0,66.0,62.0,67.0,92.0,47.0,30.0
Racine Ave & 19th St,41.858166,-87.656495,6.0,-3.0,6.0,5.0,-5.0,-14.0,-73.0,-111.0,-161.0,-74.0,-34.0,-49.0,-16.0,-31.0,-15.0,42.0,-58.0,91.0,116.0,142.0,85.0,133.0,61.0,12.0
Racine Ave & Belmont Ave,41.939743,-87.658865,24.0,-3.0,-10.0,0.0,-4.0,26.0,-133.0,-133.0,-92.0,-84.0,-67.0,-23.0,-44.0,-58.0,-9.0,4.0,73.0,257.0,8.0,33.0,51.0,3.0,-25.0,16.0
Racine Ave & Congress Pkwy,41.87464,-87.65703,-16.0,-7.0,-6.0,-9.0,-27.0,-44.0,-184.0,-296.0,184.0,23.0,-27.0,-97.0,-20.0,57.0,45.0,-36.0,-109.0,152.0,74.0,17.0,-7.0,11.0,-24.0,-12.0
Racine Ave & Fullerton Ave,41.92556258,-87.65840426,10.0,2.0,13.0,0.0,-1.0,-53.0,-28.0,-52.0,44.0,-8.0,-125.0,-72.0,-35.0,11.0,-13.0,6.0,83.0,133.0,-93.0,-2.0,-4.0,7.0,28.0,21.0
Racine Ave & Wrightwood Ave,41.928887,-87.658971,14.0,11.0,16.0,15.0,2.0,-51.0,-46.0,-547.0,-416.0,-17.0,-11.0,-97.0,-51.0,-51.0,27.0,9.0,95.0,430.0,196.0,62.0,135.0,101.0,72.0,32.0
Ravenswood Ave & Berteau Ave,41.957921,-87.673567,9.0,5.0,4.0,5.0,2.0,-10.0,-1.0,-9.0,181.0,216.0,12.0,-105.0,-103.0,-11.0,10.0,-21.0,-221.0,-241.0,-35.0,-35.0,19.0,19.0,53.0,30.0
Ravenswood Ave & Irving Park Rd,41.95469,-87.67393,-26.0,-2.0,-14.0,2.0,1.0,-5.0,169.0,284.0,256.0,189.0,38.0,-20.0,-28.0,-40.0,0.0,-9.0,-129.0,-363.0,-134.0,27.0,-43.0,-44.0,-12.0,-12.0
Ravenswood Ave & Lawrence Ave,41.96909,-87.674237,50.0,30.0,18.0,3.0,1.0,61.0,195.0,384.0,161.0,-27.0,5.0,-22.0,-31.0,-71.0,-14.0,-35.0,-59.0,-778.0,-49.0,-14.0,48.0,-22.0,22.0,74.0
Ravenswood Ave & Montrose Ave,41.961615,-87.674365,5.0,12.0,13.0,5.0,6.0,2.0,18.0,43.0,190.0,60.0,25.0,16.0,-16.0,-10.0,-29.0,4.0,-84.0,-14.0,-45.0,-104.0,-38.0,-113.0,-17.0,2.0
Rhodes Ave & 32nd St,41.836208,-87.613533,-1.0,7.0,7.0,0.0,2.0,-11.0,-27.0,-104.0,-67.0,-80.0,-95.0,-74.0,-60.0,-58.0,-13.0,-31.0,0.0,59.0,67.0,27.0,44.0,57.0,42.0,17.0
Sangamon St & Washington Blvd,41.883004,-87.651148,14.0,15.0,7.0,6.0,-2.0,-37.0,-116.0,-157.0,-69.0,150.0,81.0,8.0,-38.0,-108.0,-20.0,-86.0,-129.0,-256.0,80.0,22.0,-11.0,-1.0,-8.0,6.0
Sedgwick St & Huron St,41.894666,-87.638437,9.0,-1.0,-5.0,-8.0,-24.0,-26.0,-121.0,-79.0,657.0,478.0,-118.0,-4.0,-19.0,-20.0,-90.0,31.0,-166.0,-809.0,-257.0,-42.0,-10.0,-14.0,-3.0,-4.0
Sedgwick St & North Ave,41.910579,-87.638618,-33.0,-9.0,-6.0,0.0,-4.0,-31.0,-32.0,117.0,108.0,-88.0,-38.0,-53.0,-102.0,-69.0,-13.0,-131.0,-69.0,-94.0,-47.0,-39.0,-55.0,-82.0,-59.0,-80.0
Sedgwick St & Schiller St,41.907576,-87.638517,0.0,4.0,6.0,7.0,-1.0,0.0,-112.0,-247.0,-215.0,-91.0,-60.0,-45.0,-30.0,-54.0,-20.0,52.0,106.0,170.0,143.0,83.0,35.0,52.0,30.0,17.0
Sedgwick St & Webster Ave,41.922167,-87.638888,68.0,28.0,37.0,13.0,-7.0,12.0,-155.0,-374.0,-747.0,-284.0,-79.0,-36.0,-120.0,20.0,-53.0,-92.0,175.0,370.0,303.0,292.0,141.0,112.0,161.0,65.0
Seeley Ave & Roscoe St,41.943403,-87.679618,41.0,15.0,12.0,7.0,3.0,-27.0,-68.0,-252.0,-256.0,-135.0,-33.0,-13.0,-50.0,-3.0,5.0,78.0,74.0,303.0,323.0,141.0,100.0,31.0,46.0,31.0
Sheffield Ave & Addison St,41.94688,-87.65445,-57.0,-19.0,-37.0,-25.0,-20.0,-8.0,101.0,205.0,302.0,54.0,39.0,152.0,260.0,173.0,83.0,-101.0,-90.0,-180.0,130.0,248.0,-6.0,-242.0,-209.0,-96.0
Sheffield Ave & Fullerton Ave,41.9256018819,-87.6537080423,-71.0,-36.0,-30.0,-15.0,2.0,82.0,466.0,1018.0,924.0,312.0,100.0,63.0,-36.0,-164.0,-153.0,-410.0,-466.0,-844.0,-383.0,-306.0,-253.0,-250.0,-197.0,-91.0
Sheffield Ave & Kingsbury St,41.90959193,-87.65349723,-40.0,-21.0,-8.0,-19.0,-4.0,65.0,124.0,367.0,345.0,269.0,137.0,115.0,173.0,-17.0,65.0,-69.0,-104.0,-73.0,-44.0,-135.0,-145.0,-249.0,-147.0,-97.0
Sheffield Ave & Webster Ave,41.921687,-87.653714,4.0,-3.0,0.0,5.0,6.0,52.0,-16.0,-45.0,-8.0,-38.0,-34.0,55.0,9.0,33.0,32.0,-35.0,98.0,212.0,168.0,28.0,34.0,-65.0,-69.0,-35.0
Sheffield Ave & Wellington Ave,41.936253,-87.653566,25.0,-20.0,-26.0,-5.0,-7.0,10.0,308.0,449.0,534.0,-8.0,-118.0,-60.0,6.0,-105.0,-59.0,-45.0,-90.0,-518.0,-414.0,-63.0,-9.0,34.0,106.0,36.0
Sheffield Ave & Willow St,41.913688,-87.652855,53.0,28.0,26.0,6.0,5.0,3.0,-7.0,-133.0,-80.0,-10.0,12.0,10.0,30.0,-24.0,29.0,61.0,-136.0,58.0,52.0,23.0,-56.0,11.0,-10.0,33.0
Sheffield Ave & Wrightwood Ave,41.928712,-87.653833,-21.0,-44.0,-17.0,5.0,-7.0,-28.0,-111.0,-183.0,21.0,-1.0,-39.0,-59.0,3.0,-56.0,-39.0,-17.0,42.0,129.0,-55.0,141.0,106.0,-58.0,-16.0,-32.0
Sheridan Rd & Buena Ave,41.9584,-87.65423,55.0,30.0,20.0,7.0,-8.0,-120.0,-158.0,-381.0,-401.0,-153.0,-159.0,-137.0,-100.0,6.0,5.0,23.0,159.0,513.0,248.0,151.0,122.0,128.0,139.0,91.0
Sheridan Rd & Irving Park Rd,41.954245,-87.654406,-49.0,-37.0,-6.0,-4.0,23.0,15.0,280.0,906.0,905.0,161.0,-13.0,-108.0,-85.0,-95.0,-107.0,66.0,-289.0,-1150.0,-346.0,-43.0,-77.0,-55.0,-94.0,-137.0
Sheridan Rd & Lawrence Ave,41.969517,-87.654691,15.0,6.0,9.0,7.0,2.0,-6.0,-15.0,-65.0,-108.0,-21.0,-23.0,-28.0,-42.0,-83.0,-14.0,9.0,-1.0,91.0,120.0,97.0,91.0,40.0,28.0,99.0
Sheridan Rd & Montrose Ave,41.96167,-87.65464,101.0,58.0,41.0,24.0,-44.0,-10.0,-83.0,-152.0,-202.0,-235.0,-174.0,-251.0,-78.0,23.0,-7.0,23.0,106.0,282.0,117.0,127.0,218.0,197.0,144.0,138.0
Shore Drive & 55th St,41.795212,-87.580715,-3.0,13.0,0.0,7.0,-1.0,-16.0,-118.0,-146.0,-198.0,-43.0,-33.0,38.0,95.0,67.0,72.0,26.0,-23.0,60.0,155.0,87.0,98.0,84.0,22.0,0.0
Southport Ave & Belmont Ave,41.93949,-87.66378,-28.0,4.0,-4.0,2.0,4.0,-9.0,-57.0,-240.0,-169.0,-98.0,-53.0,-127.0,-67.0,-31.0,-47.0,-30.0,99.0,273.0,83.0,66.0,90.0,43.0,72.0,-3.0
Southport Ave & Clark St,41.957081,-87.664199,-6.0,2.0,5.0,-4.0,-4.0,-8.0,-86.0,-211.0,-288.0,-60.0,-62.0,-44.0,-36.0,-6.0,-26.0,24.0,13.0,155.0,118.0,49.0,36.0,25.0,19.0,8.0
Southport Ave & Clybourn Ave,41.920445,-87.663095,-45.0,-40.0,4.0,0.0,-3.0,74.0,27.0,106.0,-201.0,-56.0,-18.0,72.0,136.0,4.0,-3.0,-51.0,-21.0,301.0,149.0,132.0,38.0,-109.0,-63.0,-70.0
Southport Ave & Irving Park Rd,41.954177,-87.664358,-5.0,-7.0,-4.0,3.0,-2.0,-15.0,-103.0,-281.0,-229.0,-37.0,-35.0,-100.0,1.0,-9.0,-40.0,28.0,74.0,144.0,250.0,229.0,69.0,37.0,41.0,-9.0
Southport Ave & Roscoe St,41.943739,-87.66402,-10.0,-34.0,-4.0,-1.0,-37.0,8.0,-112.0,416.0,202.0,31.0,65.0,50.0,59.0,58.0,22.0,-2.0,-21.0,-122.0,-40.0,110.0,179.0,-39.0,-80.0,-67.0
Southport Ave & Waveland Ave,41.94815,-87.66394,13.0,-21.0,15.0,21.0,-5.0,-45.0,-159.0,-340.0,-338.0,-115.0,28.0,-29.0,-66.0,77.0,-33.0,80.0,193.0,404.0,426.0,201.0,74.0,-2.0,3.0,6.0
Southport Ave & Wellington Ave,41.935733,-87.663576,46.0,20.0,3.0,0.0,-12.0,-205.0,-436.0,-613.0,-387.0,-72.0,-6.0,-72.0,-44.0,-29.0,-63.0,0.0,224.0,648.0,552.0,256.0,108.0,69.0,-17.0,30.0
Southport Ave & Wrightwood Ave,41.92888,-87.66317,15.0,32.0,26.0,7.0,1.0,-42.0,-269.0,-733.0,-650.0,-149.0,-144.0,-128.0,-51.0,-37.0,61.0,141.0,121.0,641.0,428.0,207.0,170.0,85.0,26.0,9.0
St Clair St & Erie St,41.894448,-87.622663,-16.0,3.0,-11.0,26.0,36.0,155.0,1113.0,1959.0,1136.0,333.0,36.0,22.0,217.0,65.0,98.0,-413.0,-1604.0,-490.0,-32.0,-35.0,-145.0,-126.0,-49.0,-51.0
State St & 16th St,41.8601213774,-87.6277291853,18.0,7.0,5.0,4.0,1.0,-82.0,-392.0,-447.0,-436.0,-183.0,-119.0,-96.0,-43.0,-11.0,26.0,95.0,181.0,530.0,476.0,200.0,105.0,73.0,52.0,8.0
State St & 19th St,41.856594,-87.627542,-6.0,-3.0,-6.0,3.0,-2.0,10.0,-14.0,-113.0,-309.0,-116.0,-1.0,-54.0,-49.0,-49.0,-6.0,-56.0,-7.0,186.0,162.0,142.0,38.0,33.0,32.0,26.0
State St & 29th St,41.841707,-87.626938,9.0,5.0,1.0,1.0,3.0,-8.0,2.0,-13.0,-19.0,-7.0,-16.0,-8.0,-5.0,-6.0,-8.0,-14.0,-2.0,10.0,7.0,9.0,13.0,10.0,5.0,3.0
State St & 33rd St,41.834734,-87.625813,4.0,-12.0,-4.0,2.0,-3.0,1.0,22.0,-20.0,179.0,104.0,117.0,57.0,-12.0,21.0,-62.0,-45.0,-33.0,-154.0,-60.0,-64.0,-16.0,-21.0,-27.0,-25.0
State St & 35th St,41.83104,-87.62688,-6.0,-11.0,-8.0,-11.0,-2.0,-1.0,-9.0,97.0,127.0,110.0,90.0,12.0,36.0,103.0,48.0,-44.0,-81.0,-100.0,8.0,-17.0,-48.0,-38.0,-49.0,-21.0
State St & Erie St,41.893992,-87.629318,-23.0,-5.0,-6.0,-11.0,-70.0,10.0,-21.0,219.0,996.0,-14.0,-51.0,110.0,231.0,-30.0,-30.0,150.0,-1327.0,537.0,128.0,25.0,-28.0,12.0,16.0,-12.0
State St & Harrison St,41.874053,-87.627716,62.0,47.0,36.0,9.0,-3.0,2.0,-128.0,-81.0,-277.0,-193.0,-81.0,-93.0,40.0,-28.0,11.0,130.0,71.0,247.0,156.0,13.0,36.0,42.0,91.0,73.0
State St & Kinzie St,41.88918,-87.6277,-70.0,-105.0,-42.0,-26.0,-10.0,91.0,360.0,1483.0,1373.0,676.0,12.0,37.0,26.0,-67.0,-353.0,-508.0,-1326.0,-1089.0,-239.0,-24.0,-56.0,36.0,-49.0,-86.0
State St & Pearson St,41.897448,-87.628722,5.0,18.0,-7.0,16.0,21.0,29.0,118.0,-125.0,-53.0,70.0,-120.0,9.0,50.0,3.0,-57.0,-104.0,-243.0,89.0,-5.0,-15.0,-53.0,-105.0,-11.0,-23.0
State St & Randolph St,41.8847302006,-87.6277335692,2.0,-20.0,3.0,17.0,2.0,-3.0,27.0,286.0,328.0,511.0,206.0,154.0,77.0,-31.0,24.0,-166.0,-223.0,-844.0,-546.0,-197.0,-139.0,-138.0,-84.0,123.0
State St & Van Buren St,41.877181,-87.627844,5.0,-1.0,6.0,14.0,1.0,-18.0,152.0,295.0,372.0,148.0,85.0,-40.0,9.0,-23.0,-98.0,-260.0,-542.0,-757.0,-510.0,-235.0,-188.0,-132.0,-73.0,-45.0
State St & Wacker Dr,41.886875,-87.62603,0.0,-8.0,-15.0,-6.0,-1.0,-7.0,-18.0,179.0,292.0,53.0,18.0,-100.0,-35.0,23.0,-27.0,-16.0,-247.0,-350.0,-76.0,-44.0,-20.0,-13.0,-32.0,11.0
Stave St & Armitage Ave,41.917741,-87.691392,22.0,4.0,-1.0,1.0,-5.0,-15.0,-106.0,-115.0,-17.0,-42.0,-12.0,-23.0,-2.0,-56.0,-25.0,4.0,42.0,79.0,79.0,46.0,-39.0,14.0,-3.0,29.0
Stetson Ave & South Water St,41.886835,-87.62232,48.0,-2.0,24.0,11.0,-58.0,-19.0,-20.0,-48.0,237.0,91.0,-239.0,-428.0,-298.0,-224.0,-220.0,-360.0,-996.0,-1074.0,-339.0,-94.0,92.0,26.0,67.0,57.0
Stockton Dr & Wrightwood Ave,41.93132,-87.638742,24.0,22.0,22.0,-7.0,7.0,-13.0,-57.0,-209.0,-339.0,-239.0,-219.0,-232.0,-133.0,-107.0,33.0,61.0,234.0,559.0,466.0,264.0,241.0,143.0,128.0,80.0
Streeter Dr & Illinois St,41.891071,-87.6122,-82.0,17.0,5.0,3.0,14.0,6.0,170.0,372.0,327.0,703.0,1051.0,1495.0,1656.0,1935.0,2017.0,1591.0,994.0,677.0,604.0,151.0,32.0,-238.0,-497.0,-168.0
Theater on the Lake,41.926277,-87.630834,36.0,7.0,24.0,4.0,17.0,6.0,-23.0,-11.0,10.0,52.0,209.0,454.0,673.0,778.0,432.0,118.0,-195.0,9.0,206.0,-142.0,-193.0,55.0,49.0,55.0
Union Ave & Grand Ave,41.891,-87.645925,11.0,-3.0,3.0,4.0,-3.0,-39.0,-74.0,-162.0,-177.0,-140.0,-29.0,-11.0,-34.0,-46.0,38.0,97.0,-49.0,201.0,25.0,63.0,32.0,51.0,20.0,28.0
Wabash Ave & 8th St,41.871962,-87.626106,-6.0,26.0,21.0,12.0,-1.0,41.0,92.0,-232.0,-311.0,-311.0,-150.0,-56.0,-7.0,20.0,28.0,104.0,311.0,414.0,204.0,-14.0,87.0,69.0,29.0,-12.0
Wabash Ave & Cermak Rd,41.852619,-87.626488,20.0,1.0,10.0,2.0,-9.0,-18.0,-10.0,-18.0,-120.0,-74.0,-56.0,-54.0,-29.0,-60.0,-53.0,-12.0,36.0,57.0,36.0,91.0,58.0,36.0,48.0,11.0
Wabash Ave & Grand Ave,41.891738,-87.626937,-43.0,0.0,-8.0,4.0,20.0,36.0,130.0,173.0,574.0,276.0,-86.0,158.0,147.0,-115.0,28.0,-61.0,-472.0,-282.0,-26.0,82.0,-5.0,-40.0,-69.0,-126.0
Wabash Ave & Roosevelt Rd,41.867227,-87.625961,8.0,21.0,-4.0,-3.0,-13.0,-42.0,-4.0,-331.0,-1016.0,-361.0,-195.0,3.0,-24.0,43.0,-9.0,196.0,854.0,1288.0,542.0,217.0,168.0,88.0,-28.0,14.0
Wabash Ave & Wacker Pl,41.886875,-87.62603,-16.0,-9.0,-8.0,-18.0,-2.0,-45.0,49.0,227.0,356.0,197.0,-39.0,-62.0,-119.0,-72.0,-90.0,-32.0,-306.0,-523.0,-139.0,-70.0,-104.0,-29.0,-23.0,-8.0
Wallace Ave & 35th St,41.830629,-87.64129,3.0,10.0,2.0,1.0,1.0,-10.0,-20.0,-73.0,-144.0,-36.0,10.0,14.0,17.0,6.0,3.0,-27.0,-1.0,76.0,129.0,83.0,47.0,2.0,-22.0,12.0
Wells St & 19th St,41.856802,-87.633879,1.0,0.0,0.0,1.0,0.0,-4.0,0.0,-100.0,-42.0,-19.0,-11.0,0.0,-18.0,-35.0,-17.0,-38.0,-23.0,73.0,71.0,22.0,20.0,29.0,24.0,11.0
Wells St & Concord Ln,41.912202,-87.634664,-39.0,-131.0,-17.0,5.0,3.0,94.0,-36.0,-513.0,-882.0,-148.0,11.0,147.0,-27.0,88.0,110.0,112.0,517.0,983.0,551.0,288.0,-16.0,-308.0,-254.0,-110.0
Wells St & Erie St,41.893832,-87.634195,-34.0,-27.0,-37.0,-33.0,26.0,5.0,-81.0,184.0,1962.0,635.0,42.0,69.0,-146.0,-55.0,-31.0,-83.0,-854.0,-1328.0,-260.0,-108.0,-111.0,-77.0,-14.0,-50.0
Wells St & Evergreen Ave,41.906724,-87.63483,25.0,-44.0,-3.0,4.0,7.0,-22.0,-184.0,-476.0,-876.0,-230.0,-189.0,13.0,27.0,-28.0,157.0,116.0,449.0,852.0,471.0,333.0,116.0,-1.0,-15.0,-14.0
Wells St & Hubbard St,41.889933,-87.634262,-69.0,-40.0,-41.0,4.0,7.0,8.0,64.0,496.0,1650.0,852.0,99.0,-54.0,-115.0,-32.0,-61.0,-234.0,-595.0,-1396.0,-319.0,-62.0,-97.0,-98.0,-65.0,-13.0
Wells St & Polk St,41.872373,-87.633523,69.0,26.0,24.0,6.0,1.0,-172.0,-238.0,-670.0,-1311.0,-502.0,-190.0,-185.0,-49.0,-61.0,76.0,141.0,524.0,827.0,252.0,223.0,160.0,134.0,126.0,125.0
Wells St & Walton St,41.89993001,-87.63443007,12.0,9.0,6.0,3.0,-10.0,-39.0,-7.0,-193.0,-703.0,-117.0,-59.0,-95.0,-133.0,-89.0,-107.0,-88.0,-101.0,268.0,-124.0,-75.0,-6.0,-1.0,6.0,8.0
Wentworth Ave & 24th St,41.849237,-87.631715,-20.0,4.0,2.0,6.0,-2.0,1.0,-24.0,-50.0,33.0,58.0,53.0,5.0,34.0,-4.0,-47.0,-21.0,49.0,69.0,48.0,-9.0,12.0,6.0,-2.0,14.0
Wentworth Ave & Archer Ave,41.854564,-87.631937,-36.0,6.0,3.0,-8.0,-1.0,-10.0,-17.0,23.0,139.0,16.0,29.0,104.0,55.0,11.0,-114.0,-67.0,-79.0,81.0,144.0,59.0,-13.0,-116.0,-32.0,-51.0
Western Ave & 21st St,41.85394,-87.685243,6.0,1.0,-3.0,3.0,11.0,93.0,6.0,-73.0,-54.0,-34.0,-24.0,-8.0,-5.0,-14.0,2.0,-16.0,3.0,5.0,-3.0,-39.0,-13.0,16.0,0.0,9.0
Western Ave & 24th St,41.84847,-87.685109,12.0,18.0,17.0,1.0,-62.0,-104.0,-2.0,-1.0,-18.0,-16.0,2.0,0.0,9.0,15.0,-8.0,-3.0,5.0,20.0,42.0,56.0,12.0,12.0,32.0,13.0
Western Ave & Division St,41.902893,-87.687275,13.0,31.0,9.0,6.0,-16.0,-55.0,-122.0,-199.0,-207.0,-141.0,-67.0,-66.0,-122.0,-26.0,-51.0,65.0,45.0,328.0,245.0,124.0,102.0,97.0,52.0,45.0
Western Ave & Leland Ave,41.966555,-87.688487,48.0,9.0,17.0,7.0,11.0,-45.0,-103.0,-138.0,102.0,21.0,-34.0,-56.0,-16.0,-65.0,-1.0,24.0,41.0,278.0,287.0,62.0,32.0,-11.0,31.0,-64.0
Western Ave & Winnebago Ave,41.915533,-87.687051,-3.0,21.0,7.0,1.0,-1.0,20.0,37.0,91.0,54.0,-75.0,-19.0,-113.0,-26.0,2.0,-45.0,-27.0,-88.0,-115.0,48.0,-11.0,-16.0,22.0,41.0,-2.0
Wilton Ave & Belmont Ave,41.94018,-87.65304,-137.0,-133.0,-71.0,-41.0,-23.0,11.0,252.0,695.0,797.0,411.0,124.0,117.0,-26.0,-88.0,-111.0,-105.0,-317.0,-896.0,-375.0,47.0,-156.0,-146.0,-219.0,-247.0
Wilton Ave & Diversey Pkwy,41.93250008,-87.65268082,-42.0,-14.0,-23.0,-7.0,20.0,86.0,180.0,460.0,489.0,187.0,63.0,-70.0,-87.0,-114.0,-50.0,-96.0,-233.0,-526.0,-233.0,-101.0,-35.0,-61.0,-106.0,-40.0
Wolcott Ave & Lawrence Ave,41.96909,-87.674237,20.0,15.0,10.0,2.0,5.0,-37.0,74.0,196.0,132.0,-17.0,4.0,-33.0,-41.0,-7.0,-9.0,-20.0,-45.0,-377.0,-111.0,-44.0,7.0,4.0,30.0,15.0
Wolcott Ave & Polk St,41.871262,-87.673688,17.0,0.0,4.0,2.0,2.0,13.0,204.0,720.0,723.0,309.0,58.0,-21.0,27.0,-19.0,-90.0,-494.0,-738.0,-379.0,-125.0,-103.0,-99.0,-60.0,-22.0,12.0
Wood St & Division St,41.90332,-87.67273,0.0,-21.0,-9.0,0.0,2.0,41.0,15.0,-108.0,-445.0,-220.0,-93.0,-32.0,-31.0,13.0,10.0,58.0,154.0,417.0,300.0,151.0,89.0,91.0,11.0,37.0
Wood St & Grand Ave,41.89113,-87.67203,18.0,10.0,10.0,2.0,-7.0,-68.0,-70.0,-99.0,-357.0,-195.0,-73.0,-78.0,-39.0,-56.0,10.0,-44.0,198.0,363.0,200.0,102.0,29.0,34.0,30.0,31.0
Wood St & Milwaukee Ave,41.907655,-87.672552,-11.0,-1.0,-12.0,1.0,-14.0,-48.0,-365.0,-249.0,-401.0,-60.0,23.0,-12.0,-58.0,25.0,-19.0,149.0,276.0,488.0,395.0,116.0,62.0,144.0,39.0,-14.0
Wood St & North Ave,41.910329,-87.672516,33.0,6.0,6.0,3.0,-1.0,-11.0,-124.0,-392.0,-321.0,-42.0,-112.0,-111.0,-67.0,-43.0,1.0,128.0,235.0,400.0,123.0,54.0,77.0,16.0,61.0,67.0
Wood St & Taylor St,41.869154,-87.671045,1.0,1.0,2.0,0.0,1.0,43.0,338.0,395.0,845.0,392.0,156.0,48.0,-9.0,-37.0,7.0,-351.0,-645.0,-478.0,-155.0,-142.0,-68.0,-16.0,-22.0,-119.0
Woodlawn Ave & 55th St,41.795264,-87.596471,-3.0,-5.0,3.0,3.0,1.0,-1.0,13.0,-53.0,36.0,53.0,61.0,12.0,-17.0,-1.0,-6.0,-53.0,-103.0,122.0,-3.0,-41.0,24.0,13.0,13.0,1.0
